full_name,part_order,part_name
احمد باسم لينان محمد سليمان,1,احمد
احمد باسم لينان محمد سليمان,2,باسم
احمد باسم لينان محمد سليمان,3,لينان
احمد باسم لينان محمد سليمان,4,محمد
احمد باسم لينان محمد سليمان,5,سليمان
احمد وليد وهبه ابراهيم,1,احمد
احمد وليد وهبه ابراهيم,2,وليد
احمد وليد وهبه ابراهيم,3,وهبه
احمد وليد وهبه ابراهيم,4,ابراهيم
ادهم امام على طه,1,ادهم
ادهم امام على طه,2,امام
ادهم امام على طه,3,على
ادهم امام على طه,4,طه
بافلى رومانى حسنى زخرى,1,بافلى
بافلى رومانى حسنى زخرى,2,رومانى
بافلى رومانى حسنى زخرى,3,حسنى
بافلى رومانى حسنى زخرى,4,زخرى
دانيال تامر فؤاد سوريال,1,دانيال
دانيال تامر فؤاد سوريال,2,تامر
دانيال تامر فؤاد سوريال,3,فؤاد
دانيال تامر فؤاد سوريال,4,سوريال
زياد احمد محمود عبدالعليم,1,زياد
زياد احمد محمود عبدالعليم,2,احمد
زياد احمد محمود عبدالعليم,3,محمود
زياد احمد محمود عبدالعليم,4,عبدالعليم
زياد بهاءالدين ابراهيم محمد البكرى,1,زياد
زياد بهاءالدين ابراهيم محمد البكرى,2,بهاءالدين
زياد بهاءالدين ابراهيم محمد البكرى,3,ابراهيم
زياد بهاءالدين ابراهيم محمد البكرى,4,محمد
زياد بهاءالدين ابراهيم محمد البكرى,5,البكرى
عبدالرحمن ايمن عطيه خلف,1,عبدالرحمن
عبدالرحمن ايمن عطيه خلف,2,ايمن
عبدالرحمن ايمن عطيه خلف,3,عطيه
عبدالرحمن ايمن عطيه خلف,4,خلف
على الدين اسامه عبدالستار محمد سيد,1,على الدين
على الدين اسامه عبدالستار محمد سيد,2,اسامه
على الدين اسامه عبدالستار محمد سيد,3,عبدالستار
على الدين اسامه عبدالستار محمد سيد,4,محمد
على الدين اسامه عبدالستار محمد سيد,5,سيد
عمر احمد ابراهيم السباعى على,1,عمر
عمر احمد ابراهيم السباعى على,2,احمد
عمر احمد ابراهيم السباعى على,3,ابراهيم
عمر احمد ابراهيم السباعى على,4,السباعى
عمر احمد ابراهيم السباعى على,5,على
عمر احمد عبدالفتاح صالح نجم,1,عمر
عمر احمد عبدالفتاح صالح نجم,2,احمد
عمر احمد عبدالفتاح صالح نجم,3,عبدالفتاح
عمر احمد عبدالفتاح صالح نجم,4,صالح
عمر احمد عبدالفتاح صالح نجم,5,نجم
عمر عمرو حسنين عبدالله عمار,1,عمر
عمر عمرو حسنين عبدالله عمار,2,عمرو
عمر عمرو حسنين عبدالله عمار,3,حسنين
عمر عمرو حسنين عبدالله عمار,4,عبدالله
عمر عمرو حسنين عبدالله عمار,5,عمار
كريم محمد حامد هنداوى على,1,كريم
كريم محمد حامد هنداوى على,2,محمد
كريم محمد حامد هنداوى على,3,حامد
كريم محمد حامد هنداوى على,4,هنداوى
كريم محمد حامد هنداوى على,5,على
ماثيو عماد ثروت متوشلح,1,ماثيو
ماثيو عماد ثروت متوشلح,2,عماد
ماثيو عماد ثروت متوشلح,3,ثروت
ماثيو عماد ثروت متوشلح,4,متوشلح
مازن وليد احمد يوسف بحيرى,1,مازن
مازن وليد احمد يوسف بحيرى,2,وليد
مازن وليد احمد يوسف بحيرى,3,احمد
مازن وليد احمد يوسف بحيرى,4,يوسف
مازن وليد احمد يوسف بحيرى,5,بحيرى
محمد ابراهيم مشهور عبدالغنى موسى,1,محمد
محمد ابراهيم مشهور عبدالغنى موسى,2,ابراهيم
محمد ابراهيم مشهور عبدالغنى موسى,3,مشهور
محمد ابراهيم مشهور عبدالغنى موسى,4,عبدالغنى
محمد ابراهيم مشهور عبدالغنى موسى,5,موسى
محمد اشرف عبدالفتاح عبدالعظيم رزق,1,محمد
محمد اشرف عبدالفتاح عبدالعظيم رزق,2,اشرف
محمد اشرف عبدالفتاح عبدالعظيم رزق,3,عبدالفتاح
محمد اشرف عبدالفتاح عبدالعظيم رزق,4,عبدالعظيم
محمد اشرف عبدالفتاح عبدالعظيم رزق,5,رزق
محمد حسن عبدالنبى احمد,1,محمد
محمد حسن عبدالنبى احمد,2,حسن
محمد حسن عبدالنبى احمد,3,عبدالنبى
محمد حسن عبدالنبى احمد,4,احمد
محمد سلامه محمد هاشم,1,محمد
محمد سلامه محمد هاشم,2,سلامه
محمد سلامه محمد هاشم,3,محمد
محمد سلامه محمد هاشم,4,هاشم
محمد ناصر فراج مصطفى فراج,1,محمد
محمد ناصر فراج مصطفى فراج,2,ناصر
محمد ناصر فراج مصطفى فراج,3,فراج
محمد ناصر فراج مصطفى فراج,4,مصطفى
محمد ناصر فراج مصطفى فراج,5,فراج
محمود نصر حمدين عبدالرحمن,1,محمود
محمود نصر حمدين عبدالرحمن,2,نصر
محمود نصر حمدين عبدالرحمن,3,حمدين
محمود نصر حمدين عبدالرحمن,4,عبدالرحمن
مينا اشرف بخيت موسى بدروس,1,مينا
مينا اشرف بخيت موسى بدروس,2,اشرف
مينا اشرف بخيت موسى بدروس,3,بخيت
مينا اشرف بخيت موسى بدروس,4,موسى
مينا اشرف بخيت موسى بدروس,5,بدروس
يس محمد على احمد شرابى,1,يس
يس محمد على احمد شرابى,2,محمد
يس محمد على احمد شرابى,3,على
يس محمد على احمد شرابى,4,احمد
يس محمد على احمد شرابى,5,شرابى
يوسف احمد عبدالفتاح صالح نجم,1,يوسف
يوسف احمد عبدالفتاح صالح نجم,2,احمد
يوسف احمد عبدالفتاح صالح نجم,3,عبدالفتاح
يوسف احمد عبدالفتاح صالح نجم,4,صالح
يوسف احمد عبدالفتاح صالح نجم,5,نجم
يوسف تامر رمضان رشاد مفتاح,1,يوسف
يوسف تامر رمضان رشاد مفتاح,2,تامر
يوسف تامر رمضان رشاد مفتاح,3,رمضان
يوسف تامر رمضان رشاد مفتاح,4,رشاد
يوسف تامر رمضان رشاد مفتاح,5,مفتاح
يوسف عادل عبدالحليم خطاب عزب,1,يوسف
يوسف عادل عبدالحليم خطاب عزب,2,عادل
يوسف عادل عبدالحليم خطاب عزب,3,عبدالحليم
يوسف عادل عبدالحليم خطاب عزب,4,خطاب
يوسف عادل عبدالحليم خطاب عزب,5,عزب
يوسف ياسر وحيدالدين ناصر محمود,1,يوسف
يوسف ياسر وحيدالدين ناصر محمود,2,ياسر
يوسف ياسر وحيدالدين ناصر محمود,3,وحيدالدين
يوسف ياسر وحيدالدين ناصر محمود,4,ناصر
يوسف ياسر وحيدالدين ناصر محمود,5,محمود
احمد خالد احمد محمد السعيد صالح,1,احمد
احمد خالد احمد محمد السعيد صالح,2,خالد
احمد خالد احمد محمد السعيد صالح,3,احمد
احمد خالد احمد محمد السعيد صالح,4,محمد
احمد خالد احمد محمد السعيد صالح,5,السعيد
احمد خالد احمد محمد السعيد صالح,6,صالح
احمد محمد شلبى محمد,1,احمد
احمد محمد شلبى محمد,2,محمد
احمد محمد شلبى محمد,3,شلبى
احمد محمد شلبى محمد,4,محمد
احمد هانى محمد عبدالهادى,1,احمد
احمد هانى محمد عبدالهادى,2,هانى
احمد هانى محمد عبدالهادى,3,محمد
احمد هانى محمد عبدالهادى,4,عبدالهادى
ارسانى ناجى نجيب جرجس يوسف,1,ارسانى
ارسانى ناجى نجيب جرجس يوسف,2,ناجى
ارسانى ناجى نجيب جرجس يوسف,3,نجيب
ارسانى ناجى نجيب جرجس يوسف,4,جرجس
ارسانى ناجى نجيب جرجس يوسف,5,يوسف
اسامه حسام محمد احمد,1,اسامه
اسامه حسام محمد احمد,2,حسام
اسامه حسام محمد احمد,3,محمد
اسامه حسام محمد احمد,4,احمد
بولا الفونس حكيم عبدالمسيح,1,بولا
بولا الفونس حكيم عبدالمسيح,2,الفونس
بولا الفونس حكيم عبدالمسيح,3,حكيم
بولا الفونس حكيم عبدالمسيح,4,عبدالمسيح
تونى اشرف نصحى سيدهم بخيت,1,تونى
تونى اشرف نصحى سيدهم بخيت,2,اشرف
تونى اشرف نصحى سيدهم بخيت,3,نصحى
تونى اشرف نصحى سيدهم بخيت,4,سيدهم
تونى اشرف نصحى سيدهم بخيت,5,بخيت
حازم وليد نصر محمد,1,حازم
حازم وليد نصر محمد,2,وليد
حازم وليد نصر محمد,3,نصر
حازم وليد نصر محمد,4,محمد
رامى محمد على ابراهيم,1,رامى
رامى محمد على ابراهيم,2,محمد
رامى محمد على ابراهيم,3,على
رامى محمد على ابراهيم,4,ابراهيم
زياد حسام حسين احمد,1,زياد
زياد حسام حسين احمد,2,حسام
زياد حسام حسين احمد,3,حسين
زياد حسام حسين احمد,4,احمد
سيف الدين حاتم محمود عبدالمقصود الجندى,1,سيف الدين
سيف الدين حاتم محمود عبدالمقصود الجندى,2,حاتم
سيف الدين حاتم محمود عبدالمقصود الجندى,3,محمود
سيف الدين حاتم محمود عبدالمقصود الجندى,4,عبدالمقصود
سيف الدين حاتم محمود عبدالمقصود الجندى,5,الجندى
سيف الدين سامح رفعت محمود عزازى,1,سيف الدين
سيف الدين سامح رفعت محمود عزازى,2,سامح
سيف الدين سامح رفعت محمود عزازى,3,رفعت
سيف الدين سامح رفعت محمود عزازى,4,محمود
سيف الدين سامح رفعت محمود عزازى,5,عزازى
عبدالرحمن احمد مصطفى عطيه,1,عبدالرحمن
عبدالرحمن احمد مصطفى عطيه,2,احمد
عبدالرحمن احمد مصطفى عطيه,3,مصطفى
عبدالرحمن احمد مصطفى عطيه,4,عطيه
عبدالرحمن محمد عبدالغفار محمود,1,عبدالرحمن
عبدالرحمن محمد عبدالغفار محمود,2,محمد
عبدالرحمن محمد عبدالغفار محمود,3,عبدالغفار
عبدالرحمن محمد عبدالغفار محمود,4,محمود
عبدالرحمن محمد عبدالله مشحال,1,عبدالرحمن
عبدالرحمن محمد عبدالله مشحال,2,محمد
عبدالرحمن محمد عبدالله مشحال,3,عبدالله
عبدالرحمن محمد عبدالله مشحال,4,مشحال
عبدالله على عبدالفتاح محمد على رضوان,1,عبدالله
عبدالله على عبدالفتاح محمد على رضوان,2,على
عبدالله على عبدالفتاح محمد على رضوان,3,عبدالفتاح
عبدالله على عبدالفتاح محمد على رضوان,4,محمد
عبدالله على عبدالفتاح محمد على رضوان,5,على
عبدالله على عبدالفتاح محمد على رضوان,6,رضوان
عبدالله مصطفى ممدوح ابراهيم حسين,1,عبدالله
عبدالله مصطفى ممدوح ابراهيم حسين,2,مصطفى
عبدالله مصطفى ممدوح ابراهيم حسين,3,ممدوح
عبدالله مصطفى ممدوح ابراهيم حسين,4,ابراهيم
عبدالله مصطفى ممدوح ابراهيم حسين,5,حسين
على محمد سامى عنتر,1,على
على محمد سامى عنتر,2,محمد
على محمد سامى عنتر,3,سامى
على محمد سامى عنتر,4,عنتر
عمر خالد عبدالله احمد على,1,عمر
عمر خالد عبدالله احمد على,2,خالد
عمر خالد عبدالله احمد على,3,عبدالله
عمر خالد عبدالله احمد على,4,احمد
عمر خالد عبدالله احمد على,5,على
عمرو طه عزت طه الجمل,1,عمرو
عمرو طه عزت طه الجمل,2,طه
عمرو طه عزت طه الجمل,3,عزت
عمرو طه عزت طه الجمل,4,طه
عمرو طه عزت طه الجمل,5,الجمل
كيفين عاطف ايليا جبره ينى,1,كيفين
كيفين عاطف ايليا جبره ينى,2,عاطف
كيفين عاطف ايليا جبره ينى,3,ايليا
كيفين عاطف ايليا جبره ينى,4,جبره
كيفين عاطف ايليا جبره ينى,5,ينى
مازن ممدوح ايوب عبدالجيد عبدالله,1,مازن
مازن ممدوح ايوب عبدالجيد عبدالله,2,ممدوح
مازن ممدوح ايوب عبدالجيد عبدالله,3,ايوب
مازن ممدوح ايوب عبدالجيد عبدالله,4,عبدالجيد
مازن ممدوح ايوب عبدالجيد عبدالله,5,عبدالله
محمد اسامه وردانى محمد محمد,1,محمد
محمد اسامه وردانى محمد محمد,2,اسامه
محمد اسامه وردانى محمد محمد,3,وردانى
محمد اسامه وردانى محمد محمد,4,محمد
محمد اسامه وردانى محمد محمد,5,محمد
محمد امير عبدالمجيد محمد بيومى عبدالكريم,1,محمد
محمد امير عبدالمجيد محمد بيومى عبدالكريم,2,امير
محمد امير عبدالمجيد محمد بيومى عبدالكريم,3,عبدالمجيد
محمد امير عبدالمجيد محمد بيومى عبدالكريم,4,محمد
محمد امير عبدالمجيد محمد بيومى عبدالكريم,5,بيومى
محمد امير عبدالمجيد محمد بيومى عبدالكريم,6,عبدالكريم
محمد خالد فكرى محمد عثمان,1,محمد
محمد خالد فكرى محمد عثمان,2,خالد
محمد خالد فكرى محمد عثمان,3,فكرى
محمد خالد فكرى محمد عثمان,4,محمد
محمد خالد فكرى محمد عثمان,5,عثمان
محمد عماد عبدالعال مبروك دره,1,محمد
محمد عماد عبدالعال مبروك دره,2,عماد
محمد عماد عبدالعال مبروك دره,3,عبدالعال
محمد عماد عبدالعال مبروك دره,4,مبروك
محمد عماد عبدالعال مبروك دره,5,دره
محمود ادهم محمود محمد,1,محمود
محمود ادهم محمود محمد,2,ادهم
محمود ادهم محمود محمد,3,محمود
محمود ادهم محمود محمد,4,محمد
محمود هانى محمود شنب,1,محمود
محمود هانى محمود شنب,2,هانى
محمود هانى محمود شنب,3,محمود
محمود هانى محمود شنب,4,شنب
مكاريوس عماد شنوده عازر تاوضروس,1,مكاريوس
مكاريوس عماد شنوده عازر تاوضروس,2,عماد
مكاريوس عماد شنوده عازر تاوضروس,3,شنوده
مكاريوس عماد شنوده عازر تاوضروس,4,عازر
مكاريوس عماد شنوده عازر تاوضروس,5,تاوضروس
مهند محمود حمد عبدالحميد,1,مهند
مهند محمود حمد عبدالحميد,2,محمود
مهند محمود حمد عبدالحميد,3,حمد
مهند محمود حمد عبدالحميد,4,عبدالحميد
يوسف احمد فوزى حميده احمد,1,يوسف
يوسف احمد فوزى حميده احمد,2,احمد
يوسف احمد فوزى حميده احمد,3,فوزى
يوسف احمد فوزى حميده احمد,4,حميده
يوسف احمد فوزى حميده احمد,5,احمد
يوسف وليد السعيد فؤاد السعيد,1,يوسف
يوسف وليد السعيد فؤاد السعيد,2,وليد
يوسف وليد السعيد فؤاد السعيد,3,السعيد
يوسف وليد السعيد فؤاد السعيد,4,فؤاد
يوسف وليد السعيد فؤاد السعيد,5,السعيد
احمد سامح قرنى احمد,1,احمد
احمد سامح قرنى احمد,2,سامح
احمد سامح قرنى احمد,3,قرنى
احمد سامح قرنى احمد,4,احمد
احمد عمرو احمد عثمان لاشين,1,احمد
احمد عمرو احمد عثمان لاشين,2,عمرو
احمد عمرو احمد عثمان لاشين,3,احمد
احمد عمرو احمد عثمان لاشين,4,عثمان
احمد عمرو احمد عثمان لاشين,5,لاشين
بيشوى نبيل عزيز تادرس,1,بيشوى
بيشوى نبيل عزيز تادرس,2,نبيل
بيشوى نبيل عزيز تادرس,3,عزيز
بيشوى نبيل عزيز تادرس,4,تادرس
حازم عمادالدين عبدالمغنى محمد حسن,1,حازم
حازم عمادالدين عبدالمغنى محمد حسن,2,عمادالدين
حازم عمادالدين عبدالمغنى محمد حسن,3,عبدالمغنى
حازم عمادالدين عبدالمغنى محمد حسن,4,محمد
حازم عمادالدين عبدالمغنى محمد حسن,5,حسن
حازم محمد غباشى السيد ابراهيم,1,حازم
حازم محمد غباشى السيد ابراهيم,2,محمد
حازم محمد غباشى السيد ابراهيم,3,غباشى
حازم محمد غباشى السيد ابراهيم,4,السيد
حازم محمد غباشى السيد ابراهيم,5,ابراهيم
زياد السيد احمد السيد جبه,1,زياد
زياد السيد احمد السيد جبه,2,السيد
زياد السيد احمد السيد جبه,3,احمد
زياد السيد احمد السيد جبه,4,السيد
زياد السيد احمد السيد جبه,5,جبه
عبدالله رمضان عبدالله على,1,عبدالله
عبدالله رمضان عبدالله على,2,رمضان
عبدالله رمضان عبدالله على,3,عبدالله
عبدالله رمضان عبدالله على,4,على
عبدالله ياسر فوزى ثابت على,1,عبدالله
عبدالله ياسر فوزى ثابت على,2,ياسر
عبدالله ياسر فوزى ثابت على,3,فوزى
عبدالله ياسر فوزى ثابت على,4,ثابت
عبدالله ياسر فوزى ثابت على,5,على
عمر عبداللطيف حسانين محمد,1,عمر
عمر عبداللطيف حسانين محمد,2,عبداللطيف
عمر عبداللطيف حسانين محمد,3,حسانين
عمر عبداللطيف حسانين محمد,4,محمد
عمر فوزى سيد حسانين مصطفى,1,عمر
عمر فوزى سيد حسانين مصطفى,2,فوزى
عمر فوزى سيد حسانين مصطفى,3,سيد
عمر فوزى سيد حسانين مصطفى,4,حسانين
عمر فوزى سيد حسانين مصطفى,5,مصطفى
مازن محمد عشماوى زيدان عشماوى,1,مازن
مازن محمد عشماوى زيدان عشماوى,2,محمد
مازن محمد عشماوى زيدان عشماوى,3,عشماوى
مازن محمد عشماوى زيدان عشماوى,4,زيدان
مازن محمد عشماوى زيدان عشماوى,5,عشماوى
محمد احمد عبدالبصير عبدالحميد رسلان,1,محمد
محمد احمد عبدالبصير عبدالحميد رسلان,2,احمد
محمد احمد عبدالبصير عبدالحميد رسلان,3,عبدالبصير
محمد احمد عبدالبصير عبدالحميد رسلان,4,عبدالحميد
محمد احمد عبدالبصير عبدالحميد رسلان,5,رسلان
محمد ايهاب محمد احمد محمود عبدالمجيد,1,محمد
محمد ايهاب محمد احمد محمود عبدالمجيد,2,ايهاب
محمد ايهاب محمد احمد محمود عبدالمجيد,3,محمد
محمد ايهاب محمد احمد محمود عبدالمجيد,4,احمد
محمد ايهاب محمد احمد محمود عبدالمجيد,5,محمود
محمد ايهاب محمد احمد محمود عبدالمجيد,6,عبدالمجيد
محمد حاتم عبدالواحد عشرى سلام,1,محمد
محمد حاتم عبدالواحد عشرى سلام,2,حاتم
محمد حاتم عبدالواحد عشرى سلام,3,عبدالواحد
محمد حاتم عبدالواحد عشرى سلام,4,عشرى
محمد حاتم عبدالواحد عشرى سلام,5,سلام
محمد سامح مصطفى كمال,1,محمد
محمد سامح مصطفى كمال,2,سامح
محمد سامح مصطفى كمال,3,مصطفى
محمد سامح مصطفى كمال,4,كمال
محمد عصام محمد اسماعيل قطب,1,محمد
محمد عصام محمد اسماعيل قطب,2,عصام
محمد عصام محمد اسماعيل قطب,3,محمد
محمد عصام محمد اسماعيل قطب,4,اسماعيل
محمد عصام محمد اسماعيل قطب,5,قطب
محمد محمد ايمن مسعد مسعد,1,محمد
محمد محمد ايمن مسعد مسعد,2,محمد
محمد محمد ايمن مسعد مسعد,3,ايمن
محمد محمد ايمن مسعد مسعد,4,مسعد
محمد محمد ايمن مسعد مسعد,5,مسعد
مروان محمد عبدالعاطى سيد محمد خليل,1,مروان
مروان محمد عبدالعاطى سيد محمد خليل,2,محمد
مروان محمد عبدالعاطى سيد محمد خليل,3,عبدالعاطى
مروان محمد عبدالعاطى سيد محمد خليل,4,سيد
مروان محمد عبدالعاطى سيد محمد خليل,5,محمد
مروان محمد عبدالعاطى سيد محمد خليل,6,خليل
مصطفى محمد مصطفى حسن محمد,1,مصطفى
مصطفى محمد مصطفى حسن محمد,2,محمد
مصطفى محمد مصطفى حسن محمد,3,مصطفى
مصطفى محمد مصطفى حسن محمد,4,حسن
مصطفى محمد مصطفى حسن محمد,5,محمد
يامن سامر محمود احمد رضوان,1,يامن
يامن سامر محمود احمد رضوان,2,سامر
يامن سامر محمود احمد رضوان,3,محمود
يامن سامر محمود احمد رضوان,4,احمد
يامن سامر محمود احمد رضوان,5,رضوان
يحى محمد محمود يوسف,1,يحى
يحى محمد محمود يوسف,2,محمد
يحى محمد محمود يوسف,3,محمود
يحى محمد محمود يوسف,4,يوسف
يوسف محمد عبدالرحمن عبدالعزيز السيد احمد,1,يوسف
يوسف محمد عبدالرحمن عبدالعزيز السيد احمد,2,محمد
يوسف محمد عبدالرحمن عبدالعزيز السيد احمد,3,عبدالرحمن
يوسف محمد عبدالرحمن عبدالعزيز السيد احمد,4,عبدالعزيز
يوسف محمد عبدالرحمن عبدالعزيز السيد احمد,5,السيد
يوسف محمد عبدالرحمن عبدالعزيز السيد احمد,6,احمد
يوسف محمد عبدالنبى محمد محمد,1,يوسف
يوسف محمد عبدالنبى محمد محمد,2,محمد
يوسف محمد عبدالنبى محمد محمد,3,عبدالنبى
يوسف محمد عبدالنبى محمد محمد,4,محمد
يوسف محمد عبدالنبى محمد محمد,5,محمد
يوسف مصطفى عبداللطيف رجب موسى بركات,1,يوسف
يوسف مصطفى عبداللطيف رجب موسى بركات,2,مصطفى
يوسف مصطفى عبداللطيف رجب موسى بركات,3,عبداللطيف
يوسف مصطفى عبداللطيف رجب موسى بركات,4,رجب
يوسف مصطفى عبداللطيف رجب موسى بركات,5,موسى
يوسف مصطفى عبداللطيف رجب موسى بركات,6,بركات
آبرآم انطونيوس حنا لطيف حزقيال,1,آبرآم
آبرآم انطونيوس حنا لطيف حزقيال,2,انطونيوس
آبرآم انطونيوس حنا لطيف حزقيال,3,حنا
آبرآم انطونيوس حنا لطيف حزقيال,4,لطيف
آبرآم انطونيوس حنا لطيف حزقيال,5,حزقيال
ابراهيم عماد ابراهيم السيد السروى,1,ابراهيم
ابراهيم عماد ابراهيم السيد السروى,2,عماد
ابراهيم عماد ابراهيم السيد السروى,3,ابراهيم
ابراهيم عماد ابراهيم السيد السروى,4,السيد
ابراهيم عماد ابراهيم السيد السروى,5,السروى
احمد جمال عبدالمنعم خيرالله عبدالله,1,احمد
احمد جمال عبدالمنعم خيرالله عبدالله,2,جمال
احمد جمال عبدالمنعم خيرالله عبدالله,3,عبدالمنعم
احمد جمال عبدالمنعم خيرالله عبدالله,4,خيرالله
احمد جمال عبدالمنعم خيرالله عبدالله,5,عبدالله
احمد حسام نصر السيد الخشن,1,احمد
احمد حسام نصر السيد الخشن,2,حسام
احمد حسام نصر السيد الخشن,3,نصر
احمد حسام نصر السيد الخشن,4,السيد
احمد حسام نصر السيد الخشن,5,الخشن
احمد سعيد احمد محمد على,1,احمد
احمد سعيد احمد محمد على,2,سعيد
احمد سعيد احمد محمد على,3,احمد
احمد سعيد احمد محمد على,4,محمد
احمد سعيد احمد محمد على,5,على
احمد عبدالهادى احمد رضا جاد,1,احمد
احمد عبدالهادى احمد رضا جاد,2,عبدالهادى
احمد عبدالهادى احمد رضا جاد,3,احمد
احمد عبدالهادى احمد رضا جاد,4,رضا
احمد عبدالهادى احمد رضا جاد,5,جاد
احمد محمد عبدالقادر يس,1,احمد
احمد محمد عبدالقادر يس,2,محمد
احمد محمد عبدالقادر يس,3,عبدالقادر
احمد محمد عبدالقادر يس,4,يس
احمد محمود عبدالعزيز احمد الشافعى,1,احمد
احمد محمود عبدالعزيز احمد الشافعى,2,محمود
احمد محمود عبدالعزيز احمد الشافعى,3,عبدالعزيز
احمد محمود عبدالعزيز احمد الشافعى,4,احمد
احمد محمود عبدالعزيز احمد الشافعى,5,الشافعى
ادهم احمد محمد فؤاد عبدالعليم عثمان,1,ادهم
ادهم احمد محمد فؤاد عبدالعليم عثمان,2,احمد
ادهم احمد محمد فؤاد عبدالعليم عثمان,3,محمد
ادهم احمد محمد فؤاد عبدالعليم عثمان,4,فؤاد
ادهم احمد محمد فؤاد عبدالعليم عثمان,5,عبدالعليم
ادهم احمد محمد فؤاد عبدالعليم عثمان,6,عثمان
انس احمد محمد عبدالمعطى العزب,1,انس
انس احمد محمد عبدالمعطى العزب,2,احمد
انس احمد محمد عبدالمعطى العزب,3,محمد
انس احمد محمد عبدالمعطى العزب,4,عبدالمعطى
انس احمد محمد عبدالمعطى العزب,5,العزب
بلال بهاء حموده محمد حموده,1,بلال
بلال بهاء حموده محمد حموده,2,بهاء
بلال بهاء حموده محمد حموده,3,حموده
بلال بهاء حموده محمد حموده,4,محمد
بلال بهاء حموده محمد حموده,5,حموده
بلال حسن عبدالعاطى عبدالعاطى حسن,1,بلال
بلال حسن عبدالعاطى عبدالعاطى حسن,2,حسن
بلال حسن عبدالعاطى عبدالعاطى حسن,3,عبدالعاطى
بلال حسن عبدالعاطى عبدالعاطى حسن,4,عبدالعاطى
بلال حسن عبدالعاطى عبدالعاطى حسن,5,حسن
حازم نصر محمد نصر,1,حازم
حازم نصر محمد نصر,2,نصر
حازم نصر محمد نصر,3,محمد
حازم نصر محمد نصر,4,نصر
حسام الدين احمد منصور محمود,1,حسام الدين
حسام الدين احمد منصور محمود,2,احمد
حسام الدين احمد منصور محمود,3,منصور
حسام الدين احمد منصور محمود,4,محمود
حسن ايمن حسن خليل ابراهيم,1,حسن
حسن ايمن حسن خليل ابراهيم,2,ايمن
حسن ايمن حسن خليل ابراهيم,3,حسن
حسن ايمن حسن خليل ابراهيم,4,خليل
حسن ايمن حسن خليل ابراهيم,5,ابراهيم
خالد وليد فكرى محمد,1,خالد
خالد وليد فكرى محمد,2,وليد
خالد وليد فكرى محمد,3,فكرى
خالد وليد فكرى محمد,4,محمد
ديفيد القس فام شحاته عيسى جرجس,1,ديفيد
ديفيد القس فام شحاته عيسى جرجس,2,القس
ديفيد القس فام شحاته عيسى جرجس,3,فام
ديفيد القس فام شحاته عيسى جرجس,4,شحاته
ديفيد القس فام شحاته عيسى جرجس,5,عيسى
ديفيد القس فام شحاته عيسى جرجس,6,جرجس
زياد احمد سعد عبدالله على,1,زياد
زياد احمد سعد عبدالله على,2,احمد
زياد احمد سعد عبدالله على,3,سعد
زياد احمد سعد عبدالله على,4,عبدالله
زياد احمد سعد عبدالله على,5,على
زياد عبود احمد كيلانى,1,زياد
زياد عبود احمد كيلانى,2,عبود
زياد عبود احمد كيلانى,3,احمد
زياد عبود احمد كيلانى,4,كيلانى
سيف وائل عبدالحميد عبدالحميد,1,سيف
سيف وائل عبدالحميد عبدالحميد,2,وائل
سيف وائل عبدالحميد عبدالحميد,3,عبدالحميد
سيف وائل عبدالحميد عبدالحميد,4,عبدالحميد
شريف محمد احمد سيد عبداللطيف,1,شريف
شريف محمد احمد سيد عبداللطيف,2,محمد
شريف محمد احمد سيد عبداللطيف,3,احمد
شريف محمد احمد سيد عبداللطيف,4,سيد
شريف محمد احمد سيد عبداللطيف,5,عبداللطيف
عبدالحميد احمد عبدالحميد الرشيدى,1,عبدالحميد
عبدالحميد احمد عبدالحميد الرشيدى,2,احمد
عبدالحميد احمد عبدالحميد الرشيدى,3,عبدالحميد
عبدالحميد احمد عبدالحميد الرشيدى,4,الرشيدى
عبدالرحمن ابراهيم محمد عبدالرؤف ابراهيم,1,عبدالرحمن
عبدالرحمن ابراهيم محمد عبدالرؤف ابراهيم,2,ابراهيم
عبدالرحمن ابراهيم محمد عبدالرؤف ابراهيم,3,محمد
عبدالرحمن ابراهيم محمد عبدالرؤف ابراهيم,4,عبدالرؤف
عبدالرحمن ابراهيم محمد عبدالرؤف ابراهيم,5,ابراهيم
عبدالرحمن جمال ابراهيم الشرقاوى,1,عبدالرحمن
عبدالرحمن جمال ابراهيم الشرقاوى,2,جمال
عبدالرحمن جمال ابراهيم الشرقاوى,3,ابراهيم
عبدالرحمن جمال ابراهيم الشرقاوى,4,الشرقاوى
عبدالرحمن وليد حمدى محمد اسماعيل,1,عبدالرحمن
عبدالرحمن وليد حمدى محمد اسماعيل,2,وليد
عبدالرحمن وليد حمدى محمد اسماعيل,3,حمدى
عبدالرحمن وليد حمدى محمد اسماعيل,4,محمد
عبدالرحمن وليد حمدى محمد اسماعيل,5,اسماعيل
عبدالله خالد محمد سيف الدين محمد,1,عبدالله
عبدالله خالد محمد سيف الدين محمد,2,خالد
عبدالله خالد محمد سيف الدين محمد,3,محمد
عبدالله خالد محمد سيف الدين محمد,4,سيف الدين
عبدالله خالد محمد سيف الدين محمد,5,محمد
عبدالله عزت عبدالله السرسى,1,عبدالله
عبدالله عزت عبدالله السرسى,2,عزت
عبدالله عزت عبدالله السرسى,3,عبدالله
عبدالله عزت عبدالله السرسى,4,السرسى
عبدالله محمد شاكر محمد سالم,1,عبدالله
عبدالله محمد شاكر محمد سالم,2,محمد
عبدالله محمد شاكر محمد سالم,3,شاكر
عبدالله محمد شاكر محمد سالم,4,محمد
عبدالله محمد شاكر محمد سالم,5,سالم
على حسنى على محمد,1,على
على حسنى على محمد,2,حسنى
على حسنى على محمد,3,على
على حسنى على محمد,4,محمد
عمار احمد ابوالفتوح ابوالفتوح قطب,1,عمار
عمار احمد ابوالفتوح ابوالفتوح قطب,2,احمد
عمار احمد ابوالفتوح ابوالفتوح قطب,3,ابوالفتوح
عمار احمد ابوالفتوح ابوالفتوح قطب,4,ابوالفتوح
عمار احمد ابوالفتوح ابوالفتوح قطب,5,قطب
عمار ياسر احمد عبدالموجود احمد,1,عمار
عمار ياسر احمد عبدالموجود احمد,2,ياسر
عمار ياسر احمد عبدالموجود احمد,3,احمد
عمار ياسر احمد عبدالموجود احمد,4,عبدالموجود
عمار ياسر احمد عبدالموجود احمد,5,احمد
عمار ياسر محمد عبدالقوى محمد,1,عمار
عمار ياسر محمد عبدالقوى محمد,2,ياسر
عمار ياسر محمد عبدالقوى محمد,3,محمد
عمار ياسر محمد عبدالقوى محمد,4,عبدالقوى
عمار ياسر محمد عبدالقوى محمد,5,محمد
عمر سامح وديع على محمد,1,عمر
عمر سامح وديع على محمد,2,سامح
عمر سامح وديع على محمد,3,وديع
عمر سامح وديع على محمد,4,على
عمر سامح وديع على محمد,5,محمد
عمر محمد انيس السيد محمد الوكيل,1,عمر
عمر محمد انيس السيد محمد الوكيل,2,محمد
عمر محمد انيس السيد محمد الوكيل,3,انيس
عمر محمد انيس السيد محمد الوكيل,4,السيد
عمر محمد انيس السيد محمد الوكيل,5,محمد
عمر محمد انيس السيد محمد الوكيل,6,الوكيل
عمر هشام عبدالحميد محمد الكومى,1,عمر
عمر هشام عبدالحميد محمد الكومى,2,هشام
عمر هشام عبدالحميد محمد الكومى,3,عبدالحميد
عمر هشام عبدالحميد محمد الكومى,4,محمد
عمر هشام عبدالحميد محمد الكومى,5,الكومى
فادى اسامه فوزى عياد,1,فادى
فادى اسامه فوزى عياد,2,اسامه
فادى اسامه فوزى عياد,3,فوزى
فادى اسامه فوزى عياد,4,عياد
كريم محمد على حسن محمد,1,كريم
كريم محمد على حسن محمد,2,محمد
كريم محمد على حسن محمد,3,على
كريم محمد على حسن محمد,4,حسن
كريم محمد على حسن محمد,5,محمد
مالك احمد محمد مصطفى عبيدو,1,مالك
مالك احمد محمد مصطفى عبيدو,2,احمد
مالك احمد محمد مصطفى عبيدو,3,محمد
مالك احمد محمد مصطفى عبيدو,4,مصطفى
مالك احمد محمد مصطفى عبيدو,5,عبيدو
محمد رجب سعد عطيه,1,محمد
محمد رجب سعد عطيه,2,رجب
محمد رجب سعد عطيه,3,سعد
محمد رجب سعد عطيه,4,عطيه
محمد سيف الدين رزق عبدالحميد,1,محمد
محمد سيف الدين رزق عبدالحميد,2,سيف الدين
محمد سيف الدين رزق عبدالحميد,3,رزق
محمد سيف الدين رزق عبدالحميد,4,عبدالحميد
محمد طلعت سيد جوده,1,محمد
محمد طلعت سيد جوده,2,طلعت
محمد طلعت سيد جوده,3,سيد
محمد طلعت سيد جوده,4,جوده
محمد عبدالله صبحى على عبدربه,1,محمد
محمد عبدالله صبحى على عبدربه,2,عبدالله
محمد عبدالله صبحى على عبدربه,3,صبحى
محمد عبدالله صبحى على عبدربه,4,على
محمد عبدالله صبحى على عبدربه,5,عبدربه
محمد عمر ابراهيم محمود,1,محمد
محمد عمر ابراهيم محمود,2,عمر
محمد عمر ابراهيم محمود,3,ابراهيم
محمد عمر ابراهيم محمود,4,محمود
محمد هشام عبدالكريم عبداللطيف,1,محمد
محمد هشام عبدالكريم عبداللطيف,2,هشام
محمد هشام عبدالكريم عبداللطيف,3,عبدالكريم
محمد هشام عبدالكريم عبداللطيف,4,عبداللطيف
مروان احمد محمد لبيب عبدالعظيم عيسى,1,مروان
مروان احمد محمد لبيب عبدالعظيم عيسى,2,احمد
مروان احمد محمد لبيب عبدالعظيم عيسى,3,محمد
مروان احمد محمد لبيب عبدالعظيم عيسى,4,لبيب
مروان احمد محمد لبيب عبدالعظيم عيسى,5,عبدالعظيم
مروان احمد محمد لبيب عبدالعظيم عيسى,6,عيسى
مروان محمد حسن ابراهيم ابراهيم,1,مروان
مروان محمد حسن ابراهيم ابراهيم,2,محمد
مروان محمد حسن ابراهيم ابراهيم,3,حسن
مروان محمد حسن ابراهيم ابراهيم,4,ابراهيم
مروان محمد حسن ابراهيم ابراهيم,5,ابراهيم
مروان مصطفى ابراهيم احمد مصطفى,1,مروان
مروان مصطفى ابراهيم احمد مصطفى,2,مصطفى
مروان مصطفى ابراهيم احمد مصطفى,3,ابراهيم
مروان مصطفى ابراهيم احمد مصطفى,4,احمد
مروان مصطفى ابراهيم احمد مصطفى,5,مصطفى
مصطفى ابراهيم محمد ابراهيم مصطفى,1,مصطفى
مصطفى ابراهيم محمد ابراهيم مصطفى,2,ابراهيم
مصطفى ابراهيم محمد ابراهيم مصطفى,3,محمد
مصطفى ابراهيم محمد ابراهيم مصطفى,4,ابراهيم
مصطفى ابراهيم محمد ابراهيم مصطفى,5,مصطفى
مصطفى صبرى محمد ابراهيم احمد,1,مصطفى
مصطفى صبرى محمد ابراهيم احمد,2,صبرى
مصطفى صبرى محمد ابراهيم احمد,3,محمد
مصطفى صبرى محمد ابراهيم احمد,4,ابراهيم
مصطفى صبرى محمد ابراهيم احمد,5,احمد
مصطفى مالك سليمان محمد,1,مصطفى
مصطفى مالك سليمان محمد,2,مالك
مصطفى مالك سليمان محمد,3,سليمان
مصطفى مالك سليمان محمد,4,محمد
معتزبالله رمضان ابراهيم محمد,1,معتزبالله
معتزبالله رمضان ابراهيم محمد,2,رمضان
معتزبالله رمضان ابراهيم محمد,3,ابراهيم
معتزبالله رمضان ابراهيم محمد,4,محمد
يحيى محمد محمد سليمان حسن,1,يحيى
يحيى محمد محمد سليمان حسن,2,محمد
يحيى محمد محمد سليمان حسن,3,محمد
يحيى محمد محمد سليمان حسن,4,سليمان
يحيى محمد محمد سليمان حسن,5,حسن
يوسف جمال عبدالناصر كمال نصار,1,يوسف
يوسف جمال عبدالناصر كمال نصار,2,جمال
يوسف جمال عبدالناصر كمال نصار,3,عبدالناصر
يوسف جمال عبدالناصر كمال نصار,4,كمال
يوسف جمال عبدالناصر كمال نصار,5,نصار
يوسف حمدى احمد عبداللطيف,1,يوسف
يوسف حمدى احمد عبداللطيف,2,حمدى
يوسف حمدى احمد عبداللطيف,3,احمد
يوسف حمدى احمد عبداللطيف,4,عبداللطيف
يوسف خالد جمعه عبدالغنى ابوابراهيم,1,يوسف
يوسف خالد جمعه عبدالغنى ابوابراهيم,2,خالد
يوسف خالد جمعه عبدالغنى ابوابراهيم,3,جمعه
يوسف خالد جمعه عبدالغنى ابوابراهيم,4,عبدالغنى
يوسف خالد جمعه عبدالغنى ابوابراهيم,5,ابوابراهيم
يوسف عباس محمد محمد احمد,1,يوسف
يوسف عباس محمد محمد احمد,2,عباس
يوسف عباس محمد محمد احمد,3,محمد
يوسف عباس محمد محمد احمد,4,محمد
يوسف عباس محمد محمد احمد,5,احمد
يوسف محمد يوسف عبده عبدالنبى,1,يوسف
يوسف محمد يوسف عبده عبدالنبى,2,محمد
يوسف محمد يوسف عبده عبدالنبى,3,يوسف
يوسف محمد يوسف عبده عبدالنبى,4,عبده
يوسف محمد يوسف عبده عبدالنبى,5,عبدالنبى
يوسف مصطفى عبدالجليل مصطفى,1,يوسف
يوسف مصطفى عبدالجليل مصطفى,2,مصطفى
يوسف مصطفى عبدالجليل مصطفى,3,عبدالجليل
يوسف مصطفى عبدالجليل مصطفى,4,مصطفى
اروى احمد صالح على محمد القزاز,1,اروى
اروى احمد صالح على محمد القزاز,2,احمد
اروى احمد صالح على محمد القزاز,3,صالح
اروى احمد صالح على محمد القزاز,4,على
اروى احمد صالح على محمد القزاز,5,محمد
اروى احمد صالح على محمد القزاز,6,القزاز
الزهراء عصام بكر احمد,1,الزهراء
الزهراء عصام بكر احمد,2,عصام
الزهراء عصام بكر احمد,3,بكر
الزهراء عصام بكر احمد,4,احمد
جميله ابراهيم محمد الحسينى محمد,1,جميله
جميله ابراهيم محمد الحسينى محمد,2,ابراهيم
جميله ابراهيم محمد الحسينى محمد,3,محمد
جميله ابراهيم محمد الحسينى محمد,4,الحسينى
جميله ابراهيم محمد الحسينى محمد,5,محمد
جنى احمد عبدالعاطى عباس,1,جنى
جنى احمد عبدالعاطى عباس,2,احمد
جنى احمد عبدالعاطى عباس,3,عبدالعاطى
جنى احمد عبدالعاطى عباس,4,عباس
جنى محمود غيث عبدالقادر محمد,1,جنى
جنى محمود غيث عبدالقادر محمد,2,محمود
جنى محمود غيث عبدالقادر محمد,3,غيث
جنى محمود غيث عبدالقادر محمد,4,عبدالقادر
جنى محمود غيث عبدالقادر محمد,5,محمد
حبيبه محمد ممدوح عبدالعزيز بدران,1,حبيبه
حبيبه محمد ممدوح عبدالعزيز بدران,2,محمد
حبيبه محمد ممدوح عبدالعزيز بدران,3,ممدوح
حبيبه محمد ممدوح عبدالعزيز بدران,4,عبدالعزيز
حبيبه محمد ممدوح عبدالعزيز بدران,5,بدران
حنين محمد عفيفى احمد,1,حنين
حنين محمد عفيفى احمد,2,محمد
حنين محمد عفيفى احمد,3,عفيفى
حنين محمد عفيفى احمد,4,احمد
رغد ايهاب محمود محمد,1,رغد
رغد ايهاب محمود محمد,2,ايهاب
رغد ايهاب محمود محمد,3,محمود
رغد ايهاب محمود محمد,4,محمد
رهف حازم عبدالعزيز فهمى,1,رهف
رهف حازم عبدالعزيز فهمى,2,حازم
رهف حازم عبدالعزيز فهمى,3,عبدالعزيز
رهف حازم عبدالعزيز فهمى,4,فهمى
ريم محمد مصطفى توفيق,1,ريم
ريم محمد مصطفى توفيق,2,محمد
ريم محمد مصطفى توفيق,3,مصطفى
ريم محمد مصطفى توفيق,4,توفيق
سلمى شاكر ابراهيم حسين الجندى,1,سلمى
سلمى شاكر ابراهيم حسين الجندى,2,شاكر
سلمى شاكر ابراهيم حسين الجندى,3,ابراهيم
سلمى شاكر ابراهيم حسين الجندى,4,حسين
سلمى شاكر ابراهيم حسين الجندى,5,الجندى
لوجين اشرف رزق محمود الغندور,1,لوجين
لوجين اشرف رزق محمود الغندور,2,اشرف
لوجين اشرف رزق محمود الغندور,3,رزق
لوجين اشرف رزق محمود الغندور,4,محمود
لوجين اشرف رزق محمود الغندور,5,الغندور
مريم احمد عبدالمنعم ناجى عبداللطيف,1,مريم
مريم احمد عبدالمنعم ناجى عبداللطيف,2,احمد
مريم احمد عبدالمنعم ناجى عبداللطيف,3,عبدالمنعم
مريم احمد عبدالمنعم ناجى عبداللطيف,4,ناجى
مريم احمد عبدالمنعم ناجى عبداللطيف,5,عبداللطيف
مريم عماد فوده سيد,1,مريم
مريم عماد فوده سيد,2,عماد
مريم عماد فوده سيد,3,فوده
مريم عماد فوده سيد,4,سيد
ملك سامح صالح زيدان,1,ملك
ملك سامح صالح زيدان,2,سامح
ملك سامح صالح زيدان,3,صالح
ملك سامح صالح زيدان,4,زيدان
منه الله محمد السيد السيد حماده,1,منه الله
منه الله محمد السيد السيد حماده,2,محمد
منه الله محمد السيد السيد حماده,3,السيد
منه الله محمد السيد السيد حماده,4,السيد
منه الله محمد السيد السيد حماده,5,حماده
ميرولا سامح فتح الله صادق,1,ميرولا
ميرولا سامح فتح الله صادق,2,سامح
ميرولا سامح فتح الله صادق,3,فتح الله
ميرولا سامح فتح الله صادق,4,صادق
نور محمد زكريا على المغلاوى,1,نور
نور محمد زكريا على المغلاوى,2,محمد
نور محمد زكريا على المغلاوى,3,زكريا
نور محمد زكريا على المغلاوى,4,على
نور محمد زكريا على المغلاوى,5,المغلاوى
اروي حامد علي حامد,1,اروي
اروي حامد علي حامد,2,حامد
اروي حامد علي حامد,3,علي
اروي حامد علي حامد,4,حامد
اميره حسين محمد على,1,اميره
اميره حسين محمد على,2,حسين
اميره حسين محمد على,3,محمد
اميره حسين محمد على,4,على
ايه رضا احمد ابوبكر,1,ايه
ايه رضا احمد ابوبكر,2,رضا
ايه رضا احمد ابوبكر,3,احمد
ايه رضا احمد ابوبكر,4,ابوبكر
تسنيم مصطفى محمود عبدالكريم,1,تسنيم
تسنيم مصطفى محمود عبدالكريم,2,مصطفى
تسنيم مصطفى محمود عبدالكريم,3,محمود
تسنيم مصطفى محمود عبدالكريم,4,عبدالكريم
جنا حسام الدين رضا محمد عبدالوهاب,1,جنا
جنا حسام الدين رضا محمد عبدالوهاب,2,حسام الدين
جنا حسام الدين رضا محمد عبدالوهاب,3,رضا
جنا حسام الدين رضا محمد عبدالوهاب,4,محمد
جنا حسام الدين رضا محمد عبدالوهاب,5,عبدالوهاب
جني ابراهيم مصطفي ابراهيم,1,جني
جني ابراهيم مصطفي ابراهيم,2,ابراهيم
جني ابراهيم مصطفي ابراهيم,3,مصطفي
جني ابراهيم مصطفي ابراهيم,4,ابراهيم
رحمه مصطفى محمد اسماعيل,1,رحمه
رحمه مصطفى محمد اسماعيل,2,مصطفى
رحمه مصطفى محمد اسماعيل,3,محمد
رحمه مصطفى محمد اسماعيل,4,اسماعيل
روجينا فادي عبده منير عبده,1,روجينا
روجينا فادي عبده منير عبده,2,فادي
روجينا فادي عبده منير عبده,3,عبده
روجينا فادي عبده منير عبده,4,منير
روجينا فادي عبده منير عبده,5,عبده
رويدا على عبدالصمد ابراهيم محمد,1,رويدا
رويدا على عبدالصمد ابراهيم محمد,2,على
رويدا على عبدالصمد ابراهيم محمد,3,عبدالصمد
رويدا على عبدالصمد ابراهيم محمد,4,ابراهيم
رويدا على عبدالصمد ابراهيم محمد,5,محمد
سلمى تامر حسين محمد,1,سلمى
سلمى تامر حسين محمد,2,تامر
سلمى تامر حسين محمد,3,حسين
سلمى تامر حسين محمد,4,محمد
سلمى شريف اسماعيل عبدالرحمن,1,سلمى
سلمى شريف اسماعيل عبدالرحمن,2,شريف
سلمى شريف اسماعيل عبدالرحمن,3,اسماعيل
سلمى شريف اسماعيل عبدالرحمن,4,عبدالرحمن
فاطمه شريف كمال الدين محمد محمد,1,فاطمه
فاطمه شريف كمال الدين محمد محمد,2,شريف
فاطمه شريف كمال الدين محمد محمد,3,كمال الدين
فاطمه شريف كمال الدين محمد محمد,4,محمد
فاطمه شريف كمال الدين محمد محمد,5,محمد
كنزى محمد كمال عويس,1,كنزى
كنزى محمد كمال عويس,2,محمد
كنزى محمد كمال عويس,3,كمال
كنزى محمد كمال عويس,4,عويس
مريم محمد صالح محمود مخلوف,1,مريم
مريم محمد صالح محمود مخلوف,2,محمد
مريم محمد صالح محمود مخلوف,3,صالح
مريم محمد صالح محمود مخلوف,4,محمود
مريم محمد صالح محمود مخلوف,5,مخلوف
ملك ايمن حسن مختار محمد الشريف,1,ملك
ملك ايمن حسن مختار محمد الشريف,2,ايمن
ملك ايمن حسن مختار محمد الشريف,3,حسن
ملك ايمن حسن مختار محمد الشريف,4,مختار
ملك ايمن حسن مختار محمد الشريف,5,محمد
ملك ايمن حسن مختار محمد الشريف,6,الشريف
ملك عادل عبدالرازق مصطفي العيسوى,1,ملك
ملك عادل عبدالرازق مصطفي العيسوى,2,عادل
ملك عادل عبدالرازق مصطفي العيسوى,3,عبدالرازق
ملك عادل عبدالرازق مصطفي العيسوى,4,مصطفي
ملك عادل عبدالرازق مصطفي العيسوى,5,العيسوى
ملك محمد عبدالعظيم عبدالفتاح,1,ملك
ملك محمد عبدالعظيم عبدالفتاح,2,محمد
ملك محمد عبدالعظيم عبدالفتاح,3,عبدالعظيم
ملك محمد عبدالعظيم عبدالفتاح,4,عبدالفتاح
ملك محمود عبدالفتاح عبدالرحمن متولى,1,ملك
ملك محمود عبدالفتاح عبدالرحمن متولى,2,محمود
ملك محمود عبدالفتاح عبدالرحمن متولى,3,عبدالفتاح
ملك محمود عبدالفتاح عبدالرحمن متولى,4,عبدالرحمن
ملك محمود عبدالفتاح عبدالرحمن متولى,5,متولى
منه الله خالد ابراهيم عبدالجواد احمد,1,منه الله
منه الله خالد ابراهيم عبدالجواد احمد,2,خالد
منه الله خالد ابراهيم عبدالجواد احمد,3,ابراهيم
منه الله خالد ابراهيم عبدالجواد احمد,4,عبدالجواد
منه الله خالد ابراهيم عبدالجواد احمد,5,احمد
منه الله سامح ثابت محمد,1,منه الله
منه الله سامح ثابت محمد,2,سامح
منه الله سامح ثابت محمد,3,ثابت
منه الله سامح ثابت محمد,4,محمد
نادين سامح عبدالباقى متولى,1,نادين
نادين سامح عبدالباقى متولى,2,سامح
نادين سامح عبدالباقى متولى,3,عبدالباقى
نادين سامح عبدالباقى متولى,4,متولى
ندى اشرف عبدالمنعم محمد حامد يوسف,1,ندى
ندى اشرف عبدالمنعم محمد حامد يوسف,2,اشرف
ندى اشرف عبدالمنعم محمد حامد يوسف,3,عبدالمنعم
ندى اشرف عبدالمنعم محمد حامد يوسف,4,محمد
ندى اشرف عبدالمنعم محمد حامد يوسف,5,حامد
ندى اشرف عبدالمنعم محمد حامد يوسف,6,يوسف
نورهان وائل شعبان محمود المتولى,1,نورهان
نورهان وائل شعبان محمود المتولى,2,وائل
نورهان وائل شعبان محمود المتولى,3,شعبان
نورهان وائل شعبان محمود المتولى,4,محمود
نورهان وائل شعبان محمود المتولى,5,المتولى
هاجر يوسف عطالله على,1,هاجر
هاجر يوسف عطالله على,2,يوسف
هاجر يوسف عطالله على,3,عطالله
هاجر يوسف عطالله على,4,على
هيلانه سمير يوسف جرجس,1,هيلانه
هيلانه سمير يوسف جرجس,2,سمير
هيلانه سمير يوسف جرجس,3,يوسف
هيلانه سمير يوسف جرجس,4,جرجس
وعد خالد محمد ابوبكر محمد,1,وعد
وعد خالد محمد ابوبكر محمد,2,خالد
وعد خالد محمد ابوبكر محمد,3,محمد
وعد خالد محمد ابوبكر محمد,4,ابوبكر
وعد خالد محمد ابوبكر محمد,5,محمد
بسمله ابراهيم السيد مصطفى على,1,بسمله
بسمله ابراهيم السيد مصطفى على,2,ابراهيم
بسمله ابراهيم السيد مصطفى على,3,السيد
بسمله ابراهيم السيد مصطفى على,4,مصطفى
بسمله ابراهيم السيد مصطفى على,5,على
جنى مصطفى السيد احمد احمد,1,جنى
جنى مصطفى السيد احمد احمد,2,مصطفى
جنى مصطفى السيد احمد احمد,3,السيد
جنى مصطفى السيد احمد احمد,4,احمد
جنى مصطفى السيد احمد احمد,5,احمد
حبيبه وليد حسينى فهمى سرور,1,حبيبه
حبيبه وليد حسينى فهمى سرور,2,وليد
حبيبه وليد حسينى فهمى سرور,3,حسينى
حبيبه وليد حسينى فهمى سرور,4,فهمى
حبيبه وليد حسينى فهمى سرور,5,سرور
روشان محمد عبدالغفار محمد,1,روشان
روشان محمد عبدالغفار محمد,2,محمد
روشان محمد عبدالغفار محمد,3,عبدالغفار
روشان محمد عبدالغفار محمد,4,محمد
سلمى مازن عبدالرشيد عبداللطيف,1,سلمى
سلمى مازن عبدالرشيد عبداللطيف,2,مازن
سلمى مازن عبدالرشيد عبداللطيف,3,عبدالرشيد
سلمى مازن عبدالرشيد عبداللطيف,4,عبداللطيف
شهد محمد محمود عبدالله الفقى,1,شهد
شهد محمد محمود عبدالله الفقى,2,محمد
شهد محمد محمود عبدالله الفقى,3,محمود
شهد محمد محمود عبدالله الفقى,4,عبدالله
شهد محمد محمود عبدالله الفقى,5,الفقى
فاطمه ايهاب محمد عامر,1,فاطمه
فاطمه ايهاب محمد عامر,2,ايهاب
فاطمه ايهاب محمد عامر,3,محمد
فاطمه ايهاب محمد عامر,4,عامر
لينا وليد محمد طاهر,1,لينا
لينا وليد محمد طاهر,2,وليد
لينا وليد محمد طاهر,3,محمد
لينا وليد محمد طاهر,4,طاهر
مريم هانى مصطفى جوده عبدالرازق,1,مريم
مريم هانى مصطفى جوده عبدالرازق,2,هانى
مريم هانى مصطفى جوده عبدالرازق,3,مصطفى
مريم هانى مصطفى جوده عبدالرازق,4,جوده
مريم هانى مصطفى جوده عبدالرازق,5,عبدالرازق
منار احمد السيد محمد احمد عوض,1,منار
منار احمد السيد محمد احمد عوض,2,احمد
منار احمد السيد محمد احمد عوض,3,السيد
منار احمد السيد محمد احمد عوض,4,محمد
منار احمد السيد محمد احمد عوض,5,احمد
منار احمد السيد محمد احمد عوض,6,عوض
هنا علاء عبدالسلام محمد الفلال,1,هنا
هنا علاء عبدالسلام محمد الفلال,2,علاء
هنا علاء عبدالسلام محمد الفلال,3,عبدالسلام
هنا علاء عبدالسلام محمد الفلال,4,محمد
هنا علاء عبدالسلام محمد الفلال,5,الفلال
انورين تامر ابراهيم محمد,1,انورين
انورين تامر ابراهيم محمد,2,تامر
انورين تامر ابراهيم محمد,3,ابراهيم
انورين تامر ابراهيم محمد,4,محمد
ايرينى ابراهيم عزت تاوضروس موسى,1,ايرينى
ايرينى ابراهيم عزت تاوضروس موسى,2,ابراهيم
ايرينى ابراهيم عزت تاوضروس موسى,3,عزت
ايرينى ابراهيم عزت تاوضروس موسى,4,تاوضروس
ايرينى ابراهيم عزت تاوضروس موسى,5,موسى
ايه احمد السيد محمد موسى,1,ايه
ايه احمد السيد محمد موسى,2,احمد
ايه احمد السيد محمد موسى,3,السيد
ايه احمد السيد محمد موسى,4,محمد
ايه احمد السيد محمد موسى,5,موسى
ايه احمد محمد على عاشور,1,ايه
ايه احمد محمد على عاشور,2,احمد
ايه احمد محمد على عاشور,3,محمد
ايه احمد محمد على عاشور,4,على
ايه احمد محمد على عاشور,5,عاشور
دارين حسن محمد حسن على,1,دارين
دارين حسن محمد حسن على,2,حسن
دارين حسن محمد حسن على,3,محمد
دارين حسن محمد حسن على,4,حسن
دارين حسن محمد حسن على,5,على
ريهام طارق يوسف مهران شاهين,1,ريهام
ريهام طارق يوسف مهران شاهين,2,طارق
ريهام طارق يوسف مهران شاهين,3,يوسف
ريهام طارق يوسف مهران شاهين,4,مهران
ريهام طارق يوسف مهران شاهين,5,شاهين
ساره عماد حمدى سيد,1,ساره
ساره عماد حمدى سيد,2,عماد
ساره عماد حمدى سيد,3,حمدى
ساره عماد حمدى سيد,4,سيد
ساره هاني علي محمد,1,ساره
ساره هاني علي محمد,2,هاني
ساره هاني علي محمد,3,علي
ساره هاني علي محمد,4,محمد
فاطمه الزهراء محمد احمد فؤاد حسن,1,فاطمه
فاطمه الزهراء محمد احمد فؤاد حسن,2,الزهراء
فاطمه الزهراء محمد احمد فؤاد حسن,3,محمد
فاطمه الزهراء محمد احمد فؤاد حسن,4,احمد
فاطمه الزهراء محمد احمد فؤاد حسن,5,فؤاد
فاطمه الزهراء محمد احمد فؤاد حسن,6,حسن
فاطمه الزهراء محمد عبدالمعبود عبدالرحمن,1,فاطمه
فاطمه الزهراء محمد عبدالمعبود عبدالرحمن,2,الزهراء
فاطمه الزهراء محمد عبدالمعبود عبدالرحمن,3,محمد
فاطمه الزهراء محمد عبدالمعبود عبدالرحمن,4,عبدالمعبود
فاطمه الزهراء محمد عبدالمعبود عبدالرحمن,5,عبدالرحمن
مريم ابراهيم السيد عبدالرحيم ابراهيم,1,مريم
مريم ابراهيم السيد عبدالرحيم ابراهيم,2,ابراهيم
مريم ابراهيم السيد عبدالرحيم ابراهيم,3,السيد
مريم ابراهيم السيد عبدالرحيم ابراهيم,4,عبدالرحيم
مريم ابراهيم السيد عبدالرحيم ابراهيم,5,ابراهيم
مريم جمال فتحى عبدالحميد,1,مريم
مريم جمال فتحى عبدالحميد,2,جمال
مريم جمال فتحى عبدالحميد,3,فتحى
مريم جمال فتحى عبدالحميد,4,عبدالحميد
منه الله شعبان عطيه ابوخطوه حميده,1,منه الله
منه الله شعبان عطيه ابوخطوه حميده,2,شعبان
منه الله شعبان عطيه ابوخطوه حميده,3,عطيه
منه الله شعبان عطيه ابوخطوه حميده,4,ابوخطوه
منه الله شعبان عطيه ابوخطوه حميده,5,حميده
نانسى عادل فلتس مرجان فلتس,1,نانسى
نانسى عادل فلتس مرجان فلتس,2,عادل
نانسى عادل فلتس مرجان فلتس,3,فلتس
نانسى عادل فلتس مرجان فلتس,4,مرجان
نانسى عادل فلتس مرجان فلتس,5,فلتس
نور محمد احمد محمود,1,نور
نور محمد احمد محمود,2,محمد
نور محمد احمد محمود,3,احمد
نور محمد احمد محمود,4,محمود
ياسمين مصطفي منير حسين,1,ياسمين
ياسمين مصطفي منير حسين,2,مصطفي
ياسمين مصطفي منير حسين,3,منير
ياسمين مصطفي منير حسين,4,حسين
ابرام ايمن يونان مكسيموس,1,ابرام
ابرام ايمن يونان مكسيموس,2,ايمن
ابرام ايمن يونان مكسيموس,3,يونان
ابرام ايمن يونان مكسيموس,4,مكسيموس
عبدالرحمن اسامه حسين القاضي,1,عبدالرحمن
عبدالرحمن اسامه حسين القاضي,2,اسامه
عبدالرحمن اسامه حسين القاضي,3,حسين
